water_type,wavelength_nm,quantity,value_per_m,unit,status,published_value_per_m,williamson2022_value_per_m,value_source,note
I,300,Kd0,0.173,1/m,ok,0.173,,solonenko2015,
I,300,Kd,0.186,1/m,ok,0.186,,solonenko2015,
I,300,KdH,0.2,1/m,ok,0.2,,solonenko2015,
I,300,a,0.163,1/m,ok,0.163,,solonenko2015,
I,300,b,0.0208,1/m,suspect,0.0208,,solonenko2015,表3のIの Bs=8e-5 が同論文のb列と矛盾する (b列へのフィットは Bs≈2.1e-4)。ただし値自体が微小
I,310,Kd0,0.151,1/m,ok,0.151,,solonenko2015,
I,310,Kd,0.154,1/m,ok,0.154,,solonenko2015,
I,310,KdH,0.167,1/m,ok,0.167,,solonenko2015,
I,310,a,0.134,1/m,ok,0.134,,solonenko2015,
I,310,b,0.0181,1/m,suspect,0.0181,,solonenko2015,表3のIの Bs=8e-5 が同論文のb列と矛盾する (b列へのフィットは Bs≈2.1e-4)。ただし値自体が微小
I,350,Kd0,0.0619,1/m,ok,0.0619,,solonenko2015,
I,350,Kd,0.059,1/m,ok,0.059,,solonenko2015,
I,350,KdH,0.063,1/m,ok,0.063,,solonenko2015,
I,350,a,0.048,1/m,ok,0.048,,solonenko2015,
I,350,b,0.0108,1/m,suspect,0.0108,,solonenko2015,表3のIの Bs=8e-5 が同論文のb列と矛盾する (b列へのフィットは Bs≈2.1e-4)。ただし値自体が微小
I,375,Kd0,0.0377,1/m,ok,0.0377,,solonenko2015,
I,375,Kd,0.038,1/m,ok,0.038,,solonenko2015,
I,375,KdH,0.04,1/m,ok,0.04,,solonenko2015,
I,375,a,0.03,1/m,ok,0.03,,solonenko2015,
I,375,b,0.00811,1/m,suspect,0.00811,,solonenko2015,表3のIの Bs=8e-5 が同論文のb列と矛盾する (b列へのフィットは Bs≈2.1e-4)。ただし値自体が微小
I,400,Kd0,0.0284,1/m,ok,0.0284,,solonenko2015,
I,400,Kd,0.028,1/m,ok,0.028,,solonenko2015,
I,400,KdH,0.029,1/m,ok,0.029,,solonenko2015,
I,400,a,0.022,1/m,ok,0.022,,solonenko2015,
I,400,b,0.0062,1/m,suspect,0.0062,,solonenko2015,表3のIの Bs=8e-5 が同論文のb列と矛盾する (b列へのフィットは Bs≈2.1e-4)。ただし値自体が微小
I,425,Kd0,0.0222,1/m,ok,0.0222,,solonenko2015,
I,425,Kd,0.022,1/m,ok,0.022,,solonenko2015,
I,425,KdH,0.023,1/m,ok,0.023,,solonenko2015,
I,425,a,0.017,1/m,ok,0.017,,solonenko2015,
I,425,b,0.00482,1/m,suspect,0.00482,,solonenko2015,表3のIの Bs=8e-5 が同論文のb列と矛盾する (b列へのフィットは Bs≈2.1e-4)。ただし値自体が微小
I,450,Kd0,0.0192,1/m,ok,0.0192,,solonenko2015,
I,450,Kd,0.022,1/m,ok,0.022,,solonenko2015,
I,450,KdH,0.023,1/m,ok,0.023,,solonenko2015,
I,450,a,0.018,1/m,ok,0.018,,solonenko2015,
I,450,b,0.00381,1/m,suspect,0.00381,,solonenko2015,表3のIの Bs=8e-5 が同論文のb列と矛盾する (b列へのフィットは Bs≈2.1e-4)。ただし値自体が微小
I,475,Kd0,0.0182,1/m,ok,0.0182,,solonenko2015,
I,475,Kd,0.021,1/m,ok,0.021,,solonenko2015,
I,475,KdH,0.023,1/m,ok,0.023,,solonenko2015,
I,475,a,0.019,1/m,ok,0.019,,solonenko2015,
I,475,b,0.00306,1/m,suspect,0.00306,,solonenko2015,表3のIの Bs=8e-5 が同論文のb列と矛盾する (b列へのフィットは Bs≈2.1e-4)。ただし値自体が微小
I,500,Kd0,0.0284,1/m,ok,0.0284,,solonenko2015,
I,500,Kd,0.029,1/m,ok,0.029,,solonenko2015,
I,500,KdH,0.03,1/m,ok,0.03,,solonenko2015,
I,500,a,0.026,1/m,ok,0.026,,solonenko2015,
I,500,b,0.00249,1/m,suspect,0.00249,,solonenko2015,表3のIの Bs=8e-5 が同論文のb列と矛盾する (b列へのフィットは Bs≈2.1e-4)。ただし値自体が微小
I,525,Kd0,0.0398,1/m,ok,0.0398,,solonenko2015,
I,525,Kd,0.049,1/m,ok,0.049,,solonenko2015,
I,525,KdH,0.051,1/m,ok,0.051,,solonenko2015,
I,525,a,0.046,1/m,ok,0.046,,solonenko2015,
I,525,b,0.00205,1/m,suspect,0.00205,,solonenko2015,表3のIの Bs=8e-5 が同論文のb列と矛盾する (b列へのフィットは Bs≈2.1e-4)。ただし値自体が微小
I,550,Kd0,0.0598,1/m,ok,0.0598,,solonenko2015,
I,550,Kd,0.065,1/m,ok,0.065,,solonenko2015,
I,550,KdH,0.068,1/m,ok,0.068,,solonenko2015,
I,550,a,0.062,1/m,ok,0.062,,solonenko2015,
I,550,b,0.0017,1/m,suspect,0.0017,,solonenko2015,表3のIの Bs=8e-5 が同論文のb列と矛盾する (b列へのフィットは Bs≈2.1e-4)。ただし値自体が微小
I,575,Kd0,0.0834,1/m,ok,0.0834,,solonenko2015,
I,575,Kd,0.085,1/m,ok,0.085,,solonenko2015,
I,575,KdH,0.089,1/m,ok,0.089,,solonenko2015,
I,575,a,0.082,1/m,ok,0.082,,solonenko2015,
I,575,b,0.00143,1/m,suspect,0.00143,,solonenko2015,表3のIの Bs=8e-5 が同論文のb列と矛盾する (b列へのフィットは Bs≈2.1e-4)。ただし値自体が微小
I,600,Kd0,0.163,1/m,suspect,0.163,,solonenko2015,同じ表の a=0.228 を下回る。Kd は a を上回るはずで物理的に不整合。同表の Kd(モデル値)=0.233 とも -30% 違う
I,600,Kd,0.233,1/m,ok,0.233,,solonenko2015,
I,600,KdH,0.242,1/m,ok,0.242,,solonenko2015,
I,600,a,0.228,1/m,ok,0.228,,solonenko2015,
I,600,b,0.00122,1/m,suspect,0.00122,,solonenko2015,表3のIの Bs=8e-5 が同論文のb列と矛盾する (b列へのフィットは Bs≈2.1e-4)。ただし値自体が微小
I,625,Kd0,0.301,1/m,ok,0.301,,solonenko2015,
I,625,Kd,0.302,1/m,ok,0.302,,solonenko2015,
I,625,KdH,0.312,1/m,ok,0.312,,solonenko2015,
I,625,a,0.295,1/m,ok,0.295,,solonenko2015,
I,625,b,0.00104,1/m,suspect,0.00104,,solonenko2015,表3のIの Bs=8e-5 が同論文のb列と矛盾する (b列へのフィットは Bs≈2.1e-4)。ただし値自体が微小
I,650,Kd0,0.357,1/m,ok,0.357,,solonenko2015,
I,650,Kd,0.341,1/m,ok,0.341,,solonenko2015,
I,650,KdH,0.359,1/m,ok,0.359,,solonenko2015,
I,650,a,0.334,1/m,ok,0.334,,solonenko2015,
I,650,b,0.000899,1/m,suspect,0.000899,,solonenko2015,表3のIの Bs=8e-5 が同論文のb列と矛盾する (b列へのフィットは Bs≈2.1e-4)。ただし値自体が微小
I,675,Kd0,0.416,1/m,ok,0.416,,solonenko2015,
I,675,Kd,0.444,1/m,ok,0.444,,solonenko2015,
I,675,KdH,0.471,1/m,ok,0.471,,solonenko2015,
I,675,a,0.434,1/m,ok,0.434,,solonenko2015,
I,675,b,0.000782,1/m,suspect,0.000782,,solonenko2015,表3のIの Bs=8e-5 が同論文のb列と矛盾する (b列へのフィットは Bs≈2.1e-4)。ただし値自体が微小
I,700,Kd0,0.528,1/m,ok,0.528,,solonenko2015,
I,700,Kd,0.595,1/m,ok,0.595,,solonenko2015,
I,700,KdH,0.653,1/m,ok,0.653,,solonenko2015,
I,700,a,0.582,1/m,ok,0.582,,solonenko2015,
I,700,b,0.000685,1/m,suspect,0.000685,,solonenko2015,表3のIの Bs=8e-5 が同論文のb列と矛盾する (b列へのフィットは Bs≈2.1e-4)。ただし値自体が微小
IA,300,Kd0,0.223,1/m,ok,0.223,,solonenko2015,
IA,300,Kd,0.241,1/m,ok,0.241,,solonenko2015,
IA,300,KdH,0.266,1/m,ok,0.266,,solonenko2015,
IA,300,a,0.221,1/m,ok,0.221,,solonenko2015,
IA,300,b,0.0255,1/m,suspect,0.0255,,solonenko2015,表3のIAの Bl=0.005 が同論文のb列と矛盾する。b列にフィットすると Bl≈0.001 (Bs=0.002は一致)。b列側が正しいと考えられる
IA,310,Kd0,0.186,1/m,ok,0.186,,solonenko2015,
IA,310,Kd,0.199,1/m,ok,0.199,,solonenko2015,
IA,310,KdH,0.218,1/m,ok,0.218,,solonenko2015,
IA,310,a,0.181,1/m,ok,0.181,,solonenko2015,
IA,310,b,0.0226,1/m,suspect,0.0226,,solonenko2015,表3のIAの Bl=0.005 が同論文のb列と矛盾する。b列にフィットすると Bl≈0.001 (Bs=0.002は一致)。b列側が正しいと考えられる
IA,350,Kd0,0.078,1/m,ok,0.078,,solonenko2015,
IA,350,Kd,0.0776,1/m,ok,0.0776,,solonenko2015,
IA,350,KdH,0.085,1/m,ok,0.085,,solonenko2015,
IA,350,a,0.0673,1/m,ok,0.0673,,solonenko2015,
IA,350,b,0.0145,1/m,suspect,0.0145,,solonenko2015,表3のIAの Bl=0.005 が同論文のb列と矛盾する。b列にフィットすると Bl≈0.001 (Bs=0.002は一致)。b列側が正しいと考えられる
IA,375,Kd0,0.05,1/m,ok,0.05,,solonenko2015,
IA,375,Kd,0.049,1/m,ok,0.049,,solonenko2015,
IA,375,KdH,0.053,1/m,ok,0.053,,solonenko2015,
IA,375,a,0.0413,1/m,ok,0.0413,,solonenko2015,
IA,375,b,0.0114,1/m,suspect,0.0114,,solonenko2015,表3のIAの Bl=0.005 が同論文のb列と矛盾する。b列にフィットすると Bl≈0.001 (Bs=0.002は一致)。b列側が正しいと考えられる
IA,400,Kd0,0.0377,1/m,ok,0.0377,,solonenko2015,
IA,400,Kd,0.0356,1/m,ok,0.0356,,solonenko2015,
IA,400,KdH,0.038,1/m,ok,0.038,,solonenko2015,
IA,400,a,0.0295,1/m,ok,0.0295,,solonenko2015,
IA,400,b,0.0092,1/m,suspect,0.0092,,solonenko2015,表3のIAの Bl=0.005 が同論文のb列と矛盾する。b列にフィットすると Bl≈0.001 (Bs=0.002は一致)。b列側が正しいと考えられる
IA,425,Kd0,0.0294,1/m,ok,0.0294,,solonenko2015,
IA,425,Kd,0.0274,1/m,ok,0.0274,,solonenko2015,
IA,425,KdH,0.029,1/m,ok,0.029,,solonenko2015,
IA,425,a,0.0225,1/m,ok,0.0225,,solonenko2015,
IA,425,b,0.00755,1/m,suspect,0.00755,,solonenko2015,表3のIAの Bl=0.005 が同論文のb列と矛盾する。b列にフィットすると Bl≈0.001 (Bs=0.002は一致)。b列側が正しいと考えられる
IA,450,Kd0,0.0263,1/m,ok,0.0263,,solonenko2015,
IA,450,Kd,0.0264,1/m,ok,0.0264,,solonenko2015,
IA,450,KdH,0.027,1/m,ok,0.027,,solonenko2015,
IA,450,a,0.0221,1/m,ok,0.0221,,solonenko2015,
IA,450,b,0.00631,1/m,suspect,0.00631,,solonenko2015,表3のIAの Bl=0.005 が同論文のb列と矛盾する。b列にフィットすると Bl≈0.001 (Bs=0.002は一致)。b列側が正しいと考えられる
IA,475,Kd0,0.0253,1/m,ok,0.0253,,solonenko2015,
IA,475,Kd,0.0253,1/m,ok,0.0253,,solonenko2015,
IA,475,KdH,0.026,1/m,ok,0.026,,solonenko2015,
IA,475,a,0.0216,1/m,ok,0.0216,,solonenko2015,
IA,475,b,0.00536,1/m,suspect,0.00536,,solonenko2015,表3のIAの Bl=0.005 が同論文のb列と矛盾する。b列にフィットすると Bl≈0.001 (Bs=0.002は一致)。b列側が正しいと考えられる
IA,500,Kd0,0.0346,1/m,ok,0.0346,,solonenko2015,
IA,500,Kd,0.0316,1/m,ok,0.0316,,solonenko2015,
IA,500,KdH,0.033,1/m,ok,0.033,,solonenko2015,
IA,500,a,0.0282,1/m,ok,0.0282,,solonenko2015,
IA,500,b,0.00461,1/m,suspect,0.00461,,solonenko2015,表3のIAの Bl=0.005 が同論文のb列と矛盾する。b列にフィットすると Bl≈0.001 (Bs=0.002は一致)。b列側が正しいと考えられる
IA,525,Kd0,0.046,1/m,ok,0.046,,solonenko2015,
IA,525,Kd,0.0503,1/m,ok,0.0503,,solonenko2015,
IA,525,KdH,0.052,1/m,ok,0.052,,solonenko2015,
IA,525,a,0.0468,1/m,ok,0.0468,,solonenko2015,
IA,525,b,0.00402,1/m,suspect,0.00402,,solonenko2015,表3のIAの Bl=0.005 が同論文のb列と矛盾する。b列にフィットすると Bl≈0.001 (Bs=0.002は一致)。b列側が正しいと考えられる
IA,550,Kd0,0.0661,1/m,ok,0.0661,,solonenko2015,
IA,550,Kd,0.0658,1/m,ok,0.0658,,solonenko2015,
IA,550,KdH,0.068,1/m,ok,0.068,,solonenko2015,
IA,550,a,0.0622,1/m,ok,0.0622,,solonenko2015,
IA,550,b,0.00354,1/m,suspect,0.00354,,solonenko2015,表3のIAの Bl=0.005 が同論文のb列と矛盾する。b列にフィットすると Bl≈0.001 (Bs=0.002は一致)。b列側が正しいと考えられる
IA,575,Kd0,0.0943,1/m,ok,0.0943,,solonenko2015,
IA,575,Kd,0.0858,1/m,ok,0.0858,,solonenko2015,
IA,575,KdH,0.089,1/m,ok,0.089,,solonenko2015,
IA,575,a,0.0821,1/m,ok,0.0821,,solonenko2015,
IA,575,b,0.00315,1/m,suspect,0.00315,,solonenko2015,表3のIAの Bl=0.005 が同論文のb列と矛盾する。b列にフィットすると Bl≈0.001 (Bs=0.002は一致)。b列側が正しいと考えられる
IA,600,Kd0,0.174,1/m,suspect,0.174,,solonenko2015,同じ表の a=0.228 を下回る。Kd は a を上回るはずで物理的に不整合。同表の Kd(モデル値)=0.234 とも -26% 違う
IA,600,Kd,0.234,1/m,ok,0.234,,solonenko2015,
IA,600,KdH,0.242,1/m,ok,0.242,,solonenko2015,
IA,600,a,0.228,1/m,ok,0.228,,solonenko2015,
IA,600,b,0.00283,1/m,suspect,0.00283,,solonenko2015,表3のIAの Bl=0.005 が同論文のb列と矛盾する。b列にフィットすると Bl≈0.001 (Bs=0.002は一致)。b列側が正しいと考えられる
IA,625,Kd0,0.308,1/m,ok,0.308,,solonenko2015,
IA,625,Kd,0.303,1/m,ok,0.303,,solonenko2015,
IA,625,KdH,0.312,1/m,ok,0.312,,solonenko2015,
IA,625,a,0.295,1/m,ok,0.295,,solonenko2015,
IA,625,b,0.00256,1/m,suspect,0.00256,,solonenko2015,表3のIAの Bl=0.005 が同論文のb列と矛盾する。b列にフィットすると Bl≈0.001 (Bs=0.002は一致)。b列側が正しいと考えられる
IA,650,Kd0,0.364,1/m,ok,0.364,,solonenko2015,
IA,650,Kd,0.342,1/m,ok,0.342,,solonenko2015,
IA,650,KdH,0.359,1/m,ok,0.359,,solonenko2015,
IA,650,a,0.334,1/m,ok,0.334,,solonenko2015,
IA,650,b,0.00234,1/m,suspect,0.00234,,solonenko2015,表3のIAの Bl=0.005 が同論文のb列と矛盾する。b列にフィットすると Bl≈0.001 (Bs=0.002は一致)。b列側が正しいと考えられる
IA,675,Kd0,0.423,1/m,ok,0.423,,solonenko2015,
IA,675,Kd,0.445,1/m,ok,0.445,,solonenko2015,
IA,675,KdH,0.471,1/m,ok,0.471,,solonenko2015,
IA,675,a,0.435,1/m,ok,0.435,,solonenko2015,
IA,675,b,0.00214,1/m,suspect,0.00214,,solonenko2015,表3のIAの Bl=0.005 が同論文のb列と矛盾する。b列にフィットすると Bl≈0.001 (Bs=0.002は一致)。b列側が正しいと考えられる
IA,700,Kd0,0.536,1/m,ok,0.536,,solonenko2015,
IA,700,Kd,0.595,1/m,ok,0.595,,solonenko2015,
IA,700,KdH,0.653,1/m,ok,0.653,,solonenko2015,
IA,700,a,0.582,1/m,ok,0.582,,solonenko2015,
IA,700,b,0.00198,1/m,suspect,0.00198,,solonenko2015,表3のIAの Bl=0.005 が同論文のb列と矛盾する。b列にフィットすると Bl≈0.001 (Bs=0.002は一致)。b列側が正しいと考えられる
IB,300,Kd0,0.288,1/m,ok,0.288,,solonenko2015,
IB,300,Kd,0.301,1/m,ok,0.301,,solonenko2015,
IB,300,KdH,0.333,1/m,ok,0.333,,solonenko2015,
IB,300,a,0.273,1/m,ok,0.273,,solonenko2015,
IB,300,b,0.125,1/m,ok,0.125,,solonenko2015,
IB,310,Kd0,0.223,1/m,ok,0.223,,solonenko2015,
IB,310,Kd,0.246,1/m,ok,0.246,,solonenko2015,
IB,310,KdH,0.271,1/m,ok,0.271,,solonenko2015,
IB,310,a,0.221,1/m,ok,0.221,,solonenko2015,
IB,310,b,0.118,1/m,ok,0.118,,solonenko2015,
IB,350,Kd0,0.0998,1/m,ok,0.0998,,solonenko2015,
IB,350,Kd,0.0986,1/m,ok,0.0986,,solonenko2015,
IB,350,KdH,0.106,1/m,ok,0.106,,solonenko2015,
IB,350,a,0.081,1/m,ok,0.081,,solonenko2015,
IB,350,b,0.0968,1/m,ok,0.0968,,solonenko2015,
IB,375,Kd0,0.0619,1/m,ok,0.0619,,solonenko2015,
IB,375,Kd,0.0629,1/m,ok,0.0629,,solonenko2015,
IB,375,KdH,0.065,1/m,ok,0.065,,solonenko2015,
IB,375,a,0.0481,1/m,ok,0.0481,,solonenko2015,
IB,375,b,0.0872,1/m,ok,0.0872,,solonenko2015,
IB,400,Kd0,0.046,1/m,ok,0.046,,solonenko2015,
IB,400,Kd,0.046,1/m,ok,0.046,,solonenko2015,
IB,400,KdH,0.046,1/m,ok,0.046,,solonenko2015,
IB,400,a,0.0331,1/m,ok,0.0331,,solonenko2015,
IB,400,b,0.0795,1/m,ok,0.0795,,solonenko2015,
IB,425,Kd0,0.0367,1/m,ok,0.0367,,solonenko2015,
IB,425,Kd,0.036,1/m,ok,0.036,,solonenko2015,
IB,425,KdH,0.035,1/m,ok,0.035,,solonenko2015,
IB,425,a,0.0246,1/m,ok,0.0246,,solonenko2015,
IB,425,b,0.0732,1/m,ok,0.0732,,solonenko2015,
IB,450,Kd0,0.0336,1/m,ok,0.0336,,solonenko2015,
IB,450,Kd,0.0342,1/m,ok,0.0342,,solonenko2015,
IB,450,KdH,0.032,1/m,ok,0.032,,solonenko2015,
IB,450,a,0.0235,1/m,ok,0.0235,,solonenko2015,
IB,450,b,0.068,1/m,ok,0.068,,solonenko2015,
IB,475,Kd0,0.0325,1/m,ok,0.0325,,solonenko2015,
IB,475,Kd,0.0325,1/m,ok,0.0325,,solonenko2015,
IB,475,KdH,0.03,1/m,ok,0.03,,solonenko2015,
IB,475,a,0.0225,1/m,ok,0.0225,,solonenko2015,
IB,475,b,0.0635,1/m,ok,0.0635,,solonenko2015,
IB,500,Kd0,0.0408,1/m,ok,0.0408,,solonenko2015,
IB,500,Kd,0.0386,1/m,ok,0.0386,,solonenko2015,
IB,500,KdH,0.036,1/m,ok,0.036,,solonenko2015,
IB,500,a,0.0287,1/m,ok,0.0287,,solonenko2015,
IB,500,b,0.0597,1/m,ok,0.0597,,solonenko2015,
IB,525,Kd0,0.0513,1/m,ok,0.0513,,solonenko2015,
IB,525,Kd,0.0572,1/m,ok,0.0572,,solonenko2015,
IB,525,KdH,0.056,1/m,ok,0.056,,solonenko2015,
IB,525,a,0.0469,1/m,ok,0.0469,,solonenko2015,
IB,525,b,0.0565,1/m,ok,0.0565,,solonenko2015,
IB,550,Kd0,0.0726,1/m,ok,0.0726,,solonenko2015,
IB,550,Kd,0.0726,1/m,ok,0.0726,,solonenko2015,
IB,550,KdH,0.072,1/m,ok,0.072,,solonenko2015,
IB,550,a,0.0623,1/m,ok,0.0623,,solonenko2015,
IB,550,b,0.0536,1/m,ok,0.0536,,solonenko2015,
IB,575,Kd0,0.0998,1/m,ok,0.0998,,solonenko2015,
IB,575,Kd,0.0926,1/m,ok,0.0926,,solonenko2015,
IB,575,KdH,0.093,1/m,ok,0.093,,solonenko2015,
IB,575,a,0.0822,1/m,ok,0.0822,,solonenko2015,
IB,575,b,0.0511,1/m,ok,0.0511,,solonenko2015,
IB,600,Kd0,0.186,1/m,suspect,0.186,,solonenko2015,同じ表の a=0.228 を下回る。Kd は a を上回るはずで物理的に不整合。同表の Kd(モデル値)=0.241 とも -23% 違う
IB,600,Kd,0.241,1/m,ok,0.241,,solonenko2015,
IB,600,KdH,0.248,1/m,ok,0.248,,solonenko2015,
IB,600,a,0.2278,1/m,ok,0.2278,,solonenko2015,
IB,600,b,0.0488,1/m,ok,0.0488,,solonenko2015,
IB,625,Kd0,0.315,1/m,ok,0.315,,solonenko2015,
IB,625,Kd,0.31,1/m,ok,0.31,,solonenko2015,
IB,625,KdH,0.319,1/m,ok,0.319,,solonenko2015,
IB,625,a,0.296,1/m,ok,0.296,,solonenko2015,
IB,625,b,0.0468,1/m,ok,0.0468,,solonenko2015,
IB,650,Kd0,0.371,1/m,ok,0.371,,solonenko2015,
IB,650,Kd,0.349,1/m,ok,0.349,,solonenko2015,
IB,650,KdH,0.364,1/m,ok,0.364,,solonenko2015,
IB,650,a,0.334,1/m,ok,0.334,,solonenko2015,
IB,650,b,0.045,1/m,ok,0.045,,solonenko2015,
IB,675,Kd0,0.431,1/m,ok,0.431,,solonenko2015,
IB,675,Kd,0.452,1/m,ok,0.452,,solonenko2015,
IB,675,KdH,0.475,1/m,ok,0.475,,solonenko2015,
IB,675,a,0.435,1/m,ok,0.435,,solonenko2015,
IB,675,b,0.0434,1/m,ok,0.0434,,solonenko2015,
IB,700,Kd0,0.545,1/m,ok,0.545,,solonenko2015,
IB,700,Kd,0.602,1/m,ok,0.602,,solonenko2015,
IB,700,KdH,0.653,1/m,ok,0.653,,solonenko2015,
IB,700,a,0.582,1/m,ok,0.582,,solonenko2015,
IB,700,b,0.042,1/m,ok,0.042,,solonenko2015,
II,300,Kd0,0.439,1/m,ok,0.439,,solonenko2015,
II,300,Kd,0.464,1/m,ok,0.464,,solonenko2015,
II,300,KdH,0.475,1/m,ok,0.475,,solonenko2015,
II,300,a,0.343,1/m,ok,0.343,,solonenko2015,
II,300,b,1.014,1/m,ok,1.014,,solonenko2015,
II,310,Kd0,0.371,1/m,ok,0.371,,solonenko2015,
II,310,Kd,0.384,1/m,ok,0.384,,solonenko2015,
II,310,KdH,0.393,1/m,ok,0.393,,solonenko2015,
II,310,a,0.273,1/m,ok,0.273,,solonenko2015,
II,310,b,0.957,1/m,ok,0.957,,solonenko2015,
II,350,Kd0,0.174,1/m,ok,0.174,,solonenko2015,
II,350,Kd,0.171,1/m,ok,0.171,,solonenko2015,
II,350,KdH,0.163,1/m,ok,0.163,,solonenko2015,
II,350,a,0.095,1/m,ok,0.095,,solonenko2015,
II,350,b,0.776,1/m,ok,0.776,,solonenko2015,
II,375,Kd0,0.116,1/m,ok,0.116,,solonenko2015,
II,375,Kd,0.114,1/m,ok,0.114,,solonenko2015,
II,375,KdH,0.1,1/m,ok,0.1,,solonenko2015,
II,375,a,0.054,1/m,ok,0.054,,solonenko2015,
II,375,b,0.689,1/m,ok,0.689,,solonenko2015,
II,400,Kd0,0.0834,1/m,ok,0.0834,,solonenko2015,
II,400,Kd,0.0846,1/m,ok,0.0846,,solonenko2015,
II,400,KdH,0.071,1/m,ok,0.071,,solonenko2015,
II,400,a,0.0355,1/m,ok,0.0355,,solonenko2015,
II,400,b,0.616,1/m,ok,0.616,,solonenko2015,
II,425,Kd0,0.0672,1/m,ok,0.0672,,solonenko2015,
II,425,Kd,0.0671,1/m,ok,0.0671,,solonenko2015,
II,425,KdH,0.053,1/m,ok,0.053,,solonenko2015,
II,425,a,0.0257,1/m,ok,0.0257,,solonenko2015,
II,425,b,0.555,1/m,ok,0.555,,solonenko2015,
II,450,Kd0,0.0619,1/m,ok,0.0619,,solonenko2015,
II,450,Kd,0.062,1/m,ok,0.062,,solonenko2015,
II,450,KdH,0.048,1/m,ok,0.048,,solonenko2015,
II,450,a,0.0241,1/m,ok,0.0241,,solonenko2015,
II,450,b,0.504,1/m,ok,0.504,,solonenko2015,
II,475,Kd0,0.0619,1/m,ok,0.0619,,solonenko2015,
II,475,Kd,0.0579,1/m,ok,0.0579,,solonenko2015,
II,475,KdH,0.044,1/m,ok,0.044,,solonenko2015,
II,475,a,0.0228,1/m,ok,0.0228,,solonenko2015,
II,475,b,0.459,1/m,ok,0.459,,solonenko2015,
II,500,Kd0,0.0672,1/m,ok,0.0672,,solonenko2015,
II,500,Kd,0.0641,1/m,ok,0.0641,,solonenko2015,
II,500,KdH,0.05,1/m,ok,0.05,,solonenko2015,
II,500,a,0.0288,1/m,ok,0.0288,,solonenko2015,
II,500,b,0.421,1/m,ok,0.421,,solonenko2015,
II,525,Kd0,0.078,1/m,ok,0.078,,solonenko2015,
II,525,Kd,0.0845,1/m,ok,0.0845,,solonenko2015,
II,525,KdH,0.07,1/m,ok,0.07,,solonenko2015,
II,525,a,0.0469,1/m,ok,0.0469,,solonenko2015,
II,525,b,0.387,1/m,ok,0.387,,solonenko2015,
II,550,Kd0,0.0998,1/m,ok,0.0998,,solonenko2015,
II,550,Kd,0.0999,1/m,ok,0.0999,,solonenko2015,
II,550,KdH,0.085,1/m,ok,0.085,,solonenko2015,
II,550,a,0.0622,1/m,ok,0.0622,,solonenko2015,
II,550,b,0.358,1/m,ok,0.358,,solonenko2015,
II,575,Kd0,0.134,1/m,ok,0.134,,solonenko2015,
II,575,Kd,0.12,1/m,ok,0.12,,solonenko2015,
II,575,KdH,0.107,1/m,ok,0.107,,solonenko2015,
II,575,a,0.0821,1/m,ok,0.0821,,solonenko2015,
II,575,b,0.332,1/m,ok,0.332,,solonenko2015,
II,600,Kd0,0.223,1/m,suspect,0.223,,solonenko2015,同じ表の a=0.228 を下回る。Kd は a を上回るはずで物理的に不整合。同表の Kd(モデル値)=0.270 とも -17% 違う
II,600,Kd,0.27,1/m,ok,0.27,,solonenko2015,
II,600,KdH,0.261,1/m,ok,0.261,,solonenko2015,
II,600,a,0.228,1/m,ok,0.228,,solonenko2015,
II,600,b,0.309,1/m,ok,0.309,,solonenko2015,
II,625,Kd0,0.342,1/m,ok,0.342,,solonenko2015,
II,625,Kd,0.337,1/m,ok,0.337,,solonenko2015,
II,625,KdH,0.339,1/m,ok,0.339,,solonenko2015,
II,625,a,0.296,1/m,ok,0.296,,solonenko2015,
II,625,b,0.288,1/m,ok,0.288,,solonenko2015,
II,650,Kd0,0.393,1/m,ok,0.393,,solonenko2015,
II,650,Kd,0.375,1/m,ok,0.375,,solonenko2015,
II,650,KdH,0.389,1/m,ok,0.389,,solonenko2015,
II,650,a,0.334,1/m,ok,0.334,,solonenko2015,
II,650,b,0.27,1/m,ok,0.27,,solonenko2015,
II,675,Kd0,0.454,1/m,ok,0.454,,solonenko2015,
II,675,Kd,0.476,1/m,ok,0.476,,solonenko2015,
II,675,KdH,0.494,1/m,ok,0.494,,solonenko2015,
II,675,a,0.436,1/m,ok,0.436,,solonenko2015,
II,675,b,0.253,1/m,ok,0.253,,solonenko2015,
II,700,Kd0,0.58,1/m,ok,0.58,,solonenko2015,
II,700,Kd,0.624,1/m,ok,0.624,,solonenko2015,
II,700,KdH,0.651,1/m,ok,0.651,,solonenko2015,
II,700,a,0.582,1/m,ok,0.582,,solonenko2015,
II,700,b,0.238,1/m,ok,0.238,,solonenko2015,
III,300,Kd0,0.837,1/m,ok,0.837,,solonenko2015,
III,300,Kd,0.86,1/m,ok,0.86,,solonenko2015,
III,300,KdH,0.924,1/m,ok,0.924,,solonenko2015,
III,300,a,0.568,1/m,ok,0.568,,solonenko2015,
III,300,b,2.76,1/m,ok,2.76,,solonenko2015,
III,310,Kd0,0.693,1/m,ok,0.693,,solonenko2015,
III,310,Kd,0.719,1/m,ok,0.719,,solonenko2015,
III,310,KdH,0.774,1/m,ok,0.774,,solonenko2015,
III,310,a,0.452,1/m,ok,0.452,,solonenko2015,
III,310,b,2.61,1/m,ok,2.61,,solonenko2015,
III,350,Kd0,0.342,1/m,ok,0.342,,solonenko2015,
III,350,Kd,0.343,1/m,ok,0.343,,solonenko2015,
III,350,KdH,0.355,1/m,ok,0.355,,solonenko2015,
III,350,a,0.164,1/m,ok,0.164,,solonenko2015,
III,350,b,2.12,1/m,ok,2.12,,solonenko2015,
III,375,Kd0,0.236,1/m,ok,0.236,,solonenko2015,
III,375,Kd,0.234,1/m,ok,0.234,,solonenko2015,
III,375,KdH,0.235,1/m,ok,0.235,,solonenko2015,
III,375,a,0.094,1/m,ok,0.094,,solonenko2015,
III,375,b,1.88,1/m,ok,1.88,,solonenko2015,
III,400,Kd0,0.174,1/m,ok,0.174,,solonenko2015,
III,400,Kd,0.175,1/m,ok,0.175,,solonenko2015,
III,400,KdH,0.172,1/m,ok,0.172,,solonenko2015,
III,400,a,0.0615,1/m,ok,0.0615,,solonenko2015,
III,400,b,1.69,1/m,ok,1.69,,solonenko2015,
III,425,Kd0,0.139,1/m,ok,0.139,,solonenko2015,
III,425,Kd,0.14,1/m,ok,0.14,,solonenko2015,
III,425,KdH,0.134,1/m,ok,0.134,,solonenko2015,
III,425,a,0.0449,1/m,ok,0.0449,,solonenko2015,
III,425,b,1.52,1/m,ok,1.52,,solonenko2015,
III,450,Kd0,0.122,1/m,ok,0.122,,solonenko2015,
III,450,Kd,0.124,1/m,ok,0.124,,solonenko2015,
III,450,KdH,0.116,1/m,ok,0.116,,solonenko2015,
III,450,a,0.0388,1/m,ok,0.0388,,solonenko2015,
III,450,b,1.38,1/m,ok,1.38,,solonenko2015,
III,475,Kd0,0.117,1/m,ok,0.117,,solonenko2015,
III,475,Kd,0.11,1/m,ok,0.11,,solonenko2015,
III,475,KdH,0.101,1/m,ok,0.101,,solonenko2015,
III,475,a,0.0335,1/m,ok,0.0335,,solonenko2015,
III,475,b,1.26,1/m,ok,1.26,,solonenko2015,
III,500,Kd0,0.116,1/m,ok,0.116,,solonenko2015,
III,500,Kd,0.109,1/m,ok,0.109,,solonenko2015,
III,500,KdH,0.099,1/m,ok,0.099,,solonenko2015,
III,500,a,0.0358,1/m,ok,0.0358,,solonenko2015,
III,500,b,1.152,1/m,ok,1.152,,solonenko2015,
III,525,Kd0,0.122,1/m,ok,0.122,,solonenko2015,
III,525,Kd,0.129,1/m,ok,0.129,,solonenko2015,
III,525,KdH,0.118,1/m,ok,0.118,,solonenko2015,
III,525,a,0.0507,1/m,ok,0.0507,,solonenko2015,
III,525,b,1.06,1/m,ok,1.06,,solonenko2015,
III,550,Kd0,0.145,1/m,ok,0.145,,solonenko2015,
III,550,Kd,0.144,1/m,ok,0.144,,solonenko2015,
III,550,KdH,0.133,1/m,ok,0.133,,solonenko2015,
III,550,a,0.0646,1/m,ok,0.0646,,solonenko2015,
III,550,b,0.98,1/m,ok,0.98,,solonenko2015,
III,575,Kd0,0.192,1/m,ok,0.192,,solonenko2015,
III,575,Kd,0.164,1/m,ok,0.164,,solonenko2015,
III,575,KdH,0.154,1/m,ok,0.154,,solonenko2015,
III,575,a,0.0838,1/m,ok,0.0838,,solonenko2015,
III,575,b,0.908,1/m,ok,0.908,,solonenko2015,
III,600,Kd0,0.288,1/m,ok,0.288,,solonenko2015,
III,600,Kd,0.324,1/m,ok,0.324,,solonenko2015,
III,600,KdH,0.328,1/m,ok,0.328,,solonenko2015,
III,600,a,0.229,1/m,ok,0.229,,solonenko2015,
III,600,b,0.845,1/m,ok,0.845,,solonenko2015,
III,625,Kd0,0.386,1/m,ok,0.386,,solonenko2015,
III,625,Kd,0.39,1/m,ok,0.39,,solonenko2015,
III,625,KdH,0.401,1/m,ok,0.401,,solonenko2015,
III,625,a,0.297,1/m,ok,0.297,,solonenko2015,
III,625,b,0.788,1/m,ok,0.788,,solonenko2015,
III,650,Kd0,0.431,1/m,ok,0.431,,solonenko2015,
III,650,Kd,0.426,1/m,ok,0.426,,solonenko2015,
III,650,KdH,0.444,1/m,ok,0.444,,solonenko2015,
III,650,a,0.336,1/m,ok,0.336,,solonenko2015,
III,650,b,0.737,1/m,ok,0.737,,solonenko2015,
III,675,Kd0,0.494,1/m,ok,0.494,,solonenko2015,
III,675,Kd,0.528,1/m,ok,0.528,,solonenko2015,
III,675,KdH,0.559,1/m,ok,0.559,,solonenko2015,
III,675,a,0.439,1/m,ok,0.439,,solonenko2015,
III,675,b,0.692,1/m,ok,0.692,,solonenko2015,
III,700,Kd0,0.616,1/m,ok,0.616,,solonenko2015,
III,700,Kd,0.672,1/m,ok,0.672,,solonenko2015,
III,700,KdH,0.742,1/m,ok,0.742,,solonenko2015,
III,700,a,0.583,1/m,ok,0.583,,solonenko2015,
III,700,b,0.65,1/m,ok,0.65,,solonenko2015,
1C,300,Kd0,3.244,1/m,extrapolated,3.244,,solonenko2015,Jerlov のデータを長波長側から外挿した値 (論文で括弧付き)
1C,300,Kd,3.294,1/m,ok,3.294,,solonenko2015,
1C,300,KdH,2.984,1/m,ok,2.984,,solonenko2015,
1C,300,a,2.686,1/m,ok,2.686,,solonenko2015,
1C,300,b,1.037,1/m,ok,1.037,,solonenko2015,
1C,310,Kd0,2.577,1/m,extrapolated,2.577,,solonenko2015,Jerlov のデータを長波長側から外挿した値 (論文で括弧付き)
1C,310,Kd,2.576,1/m,ok,2.576,,solonenko2015,
1C,310,KdH,2.373,1/m,ok,2.373,,solonenko2015,
1C,310,a,2.083,1/m,ok,2.083,,solonenko2015,
1C,310,b,0.979,1/m,ok,0.979,,solonenko2015,
1C,350,Kd0,1.204,1/m,ok,1.204,,solonenko2015,
1C,350,Kd,0.947,1/m,ok,0.947,,solonenko2015,
1C,350,KdH,0.895,1/m,ok,0.895,,solonenko2015,
1C,350,a,0.721,1/m,ok,0.721,,solonenko2015,
1C,350,b,0.793,1/m,ok,0.793,,solonenko2015,
1C,375,Kd0,0.616,1/m,ok,0.616,,solonenko2015,
1C,375,Kd,0.539,1/m,ok,0.539,,solonenko2015,
1C,375,KdH,0.512,1/m,ok,0.512,,solonenko2015,
1C,375,a,0.386,1/m,ok,0.386,,solonenko2015,
1C,375,b,0.704,1/m,ok,0.704,,solonenko2015,
1C,400,Kd0,0.371,1/m,ok,0.371,,solonenko2015,
1C,400,Kd,0.34,1/m,ok,0.34,,solonenko2015,
1C,400,KdH,0.32,1/m,ok,0.32,,solonenko2015,
1C,400,a,0.227,1/m,ok,0.227,,solonenko2015,
1C,400,b,0.63,1/m,ok,0.63,,solonenko2015,
1C,425,Kd0,0.236,1/m,ok,0.236,,solonenko2015,
1C,425,Kd,0.236,1/m,ok,0.236,,solonenko2015,
1C,425,KdH,0.219,1/m,ok,0.219,,solonenko2015,
1C,425,a,0.147,1/m,ok,0.147,,solonenko2015,
1C,425,b,0.567,1/m,ok,0.567,,solonenko2015,
1C,450,Kd0,0.174,1/m,ok,0.174,,solonenko2015,
1C,450,Kd,0.179,1/m,ok,0.179,,solonenko2015,
1C,450,KdH,0.162,1/m,ok,0.162,,solonenko2015,
1C,450,a,0.105,1/m,ok,0.105,,solonenko2015,
1C,450,b,0.514,1/m,ok,0.514,,solonenko2015,
1C,475,Kd0,0.134,1/m,ok,0.134,,solonenko2015,
1C,475,Kd,0.139,1/m,ok,0.139,,solonenko2015,
1C,475,KdH,0.123,1/m,ok,0.123,,solonenko2015,
1C,475,a,0.077,1/m,ok,0.077,,solonenko2015,
1C,475,b,0.469,1/m,ok,0.469,,solonenko2015,
1C,500,Kd0,0.119,1/m,ok,0.119,,solonenko2015,
1C,500,Kd,0.12,1/m,ok,0.12,,solonenko2015,
1C,500,KdH,0.103,1/m,ok,0.103,,solonenko2015,
1C,500,a,0.064,1/m,ok,0.064,,solonenko2015,
1C,500,b,0.429,1/m,ok,0.429,,solonenko2015,
1C,525,Kd0,0.122,1/m,suspect,0.122,,solonenko2015,525-700 nm の8点が同じ表の Jerlov III と完全一致。列の複写の可能性
1C,525,Kd,0.121,1/m,ok,0.121,,solonenko2015,
1C,525,KdH,0.105,1/m,ok,0.105,,solonenko2015,
1C,525,a,0.068,1/m,ok,0.068,,solonenko2015,
1C,525,b,0.395,1/m,ok,0.395,,solonenko2015,
1C,550,Kd0,0.145,1/m,suspect,0.145,,solonenko2015,525-700 nm の8点が同じ表の Jerlov III と完全一致。列の複写の可能性
1C,550,Kd,0.129,1/m,ok,0.129,,solonenko2015,
1C,550,KdH,0.112,1/m,ok,0.112,,solonenko2015,
1C,550,a,0.076,1/m,ok,0.076,,solonenko2015,
1C,550,b,0.365,1/m,ok,0.365,,solonenko2015,
1C,575,Kd0,0.192,1/m,suspect,0.192,,solonenko2015,525-700 nm の8点が同じ表の Jerlov III と完全一致。列の複写の可能性
1C,575,Kd,0.146,1/m,ok,0.146,,solonenko2015,
1C,575,KdH,0.128,1/m,ok,0.128,,solonenko2015,
1C,575,a,0.092,1/m,ok,0.092,,solonenko2015,
1C,575,b,0.338,1/m,ok,0.338,,solonenko2015,
1C,600,Kd0,0.288,1/m,suspect,0.288,,solonenko2015,525-700 nm の8点が同じ表の Jerlov III と完全一致。列の複写の可能性
1C,600,Kd,0.317,1/m,ok,0.317,,solonenko2015,
1C,600,KdH,0.288,1/m,ok,0.288,,solonenko2015,
1C,600,a,0.236,1/m,ok,0.236,,solonenko2015,
1C,600,b,0.314,1/m,ok,0.314,,solonenko2015,
1C,625,Kd0,0.386,1/m,suspect,0.386,,solonenko2015,525-700 nm の8点が同じ表の Jerlov III と完全一致。列の複写の可能性
1C,625,Kd,0.395,1/m,ok,0.395,,solonenko2015,
1C,625,KdH,0.36,1/m,ok,0.36,,solonenko2015,
1C,625,a,0.304,1/m,ok,0.304,,solonenko2015,
1C,625,b,0.293,1/m,ok,0.293,,solonenko2015,
1C,650,Kd0,0.431,1/m,suspect,0.431,,solonenko2015,525-700 nm の8点が同じ表の Jerlov III と完全一致。列の複写の可能性
1C,650,Kd,0.439,1/m,ok,0.439,,solonenko2015,
1C,650,KdH,0.401,1/m,ok,0.401,,solonenko2015,
1C,650,a,0.344,1/m,ok,0.344,,solonenko2015,
1C,650,b,0.274,1/m,ok,0.274,,solonenko2015,
1C,675,Kd0,0.494,1/m,suspect,0.494,,solonenko2015,525-700 nm の8点が同じ表の Jerlov III と完全一致。列の複写の可能性
1C,675,Kd,0.568,1/m,ok,0.568,,solonenko2015,
1C,675,KdH,0.517,1/m,ok,0.517,,solonenko2015,
1C,675,a,0.455,1/m,ok,0.455,,solonenko2015,
1C,675,b,0.257,1/m,ok,0.257,,solonenko2015,
1C,700,Kd0,0.616,1/m,suspect,0.616,,solonenko2015,525-700 nm の8点が同じ表の Jerlov III と完全一致。列の複写の可能性
1C,700,Kd,0.721,1/m,ok,0.721,,solonenko2015,
1C,700,KdH,0.688,1/m,ok,0.688,,solonenko2015,
1C,700,a,0.586,1/m,ok,0.586,,solonenko2015,
1C,700,b,0.242,1/m,ok,0.242,,solonenko2015,
3C,300,Kd0,5.705,1/m,extrapolated,5.705,,solonenko2015,Jerlov のデータを長波長側から外挿した値 (論文で括弧付き)
3C,300,Kd,5.934,1/m,ok,5.934,,solonenko2015,
3C,300,KdH,5.449,1/m,ok,5.449,,solonenko2015,
3C,300,a,4.733,1/m,ok,4.733,,solonenko2015,
3C,300,b,3.0,1/m,ok,3.0,,solonenko2015,
3C,310,Kd0,4.507,1/m,extrapolated,4.507,,solonenko2015,Jerlov のデータを長波長側から外挿した値 (論文で括弧付き)
3C,310,Kd,4.659,1/m,ok,4.659,,solonenko2015,
3C,310,KdH,4.353,1/m,ok,4.353,,solonenko2015,
3C,310,a,3.668,1/m,ok,3.668,,solonenko2015,
3C,310,b,2.83,1/m,ok,2.83,,solonenko2015,
3C,350,Kd0,1.772,1/m,ok,1.772,,solonenko2015,
3C,350,Kd,1.781,1/m,ok,1.781,,solonenko2015,
3C,350,KdH,1.707,1/m,ok,1.707,,solonenko2015,
3C,350,a,1.287,1/m,ok,1.287,,solonenko2015,
3C,350,b,2.3,1/m,ok,2.3,,solonenko2015,
3C,375,Kd0,1.079,1/m,ok,1.079,,solonenko2015,
3C,375,Kd,1.032,1/m,ok,1.032,,solonenko2015,
3C,375,KdH,0.997,1/m,ok,0.997,,solonenko2015,
3C,375,a,0.685,1/m,ok,0.685,,solonenko2015,
3C,375,b,2.04,1/m,ok,2.04,,solonenko2015,
3C,400,Kd0,0.635,1/m,ok,0.635,,solonenko2015,
3C,400,Kd,0.648,1/m,ok,0.648,,solonenko2015,
3C,400,KdH,0.625,1/m,ok,0.625,,solonenko2015,
3C,400,a,0.388,1/m,ok,0.388,,solonenko2015,
3C,400,b,1.83,1/m,ok,1.83,,solonenko2015,
3C,425,Kd0,0.416,1/m,ok,0.416,,solonenko2015,
3C,425,Kd,0.439,1/m,ok,0.439,,solonenko2015,
3C,425,KdH,0.421,1/m,ok,0.421,,solonenko2015,
3C,425,a,0.236,1/m,ok,0.236,,solonenko2015,
3C,425,b,1.65,1/m,ok,1.65,,solonenko2015,
3C,450,Kd0,0.288,1/m,ok,0.288,,solonenko2015,
3C,450,Kd,0.319,1/m,ok,0.319,,solonenko2015,
3C,450,KdH,0.302,1/m,ok,0.302,,solonenko2015,
3C,450,a,0.154,1/m,ok,0.154,,solonenko2015,
3C,450,b,1.5,1/m,ok,1.5,,solonenko2015,
3C,475,Kd0,0.223,1/m,ok,0.223,,solonenko2015,
3C,475,Kd,0.24,1/m,ok,0.24,,solonenko2015,
3C,475,KdH,0.225,1/m,ok,0.225,,solonenko2015,
3C,475,a,0.105,1/m,ok,0.105,,solonenko2015,
3C,475,b,1.36,1/m,ok,1.36,,solonenko2015,
3C,500,Kd0,0.198,1/m,ok,0.198,,solonenko2015,
3C,500,Kd,0.197,1/m,ok,0.197,,solonenko2015,
3C,500,KdH,0.183,1/m,ok,0.183,,solonenko2015,
3C,500,a,0.081,1/m,ok,0.081,,solonenko2015,
3C,500,b,1.25,1/m,ok,1.25,,solonenko2015,
3C,525,Kd0,0.198,1/m,ok,0.198,,solonenko2015,
3C,525,Kd,0.187,1/m,ok,0.187,,solonenko2015,
3C,525,KdH,0.172,1/m,ok,0.172,,solonenko2015,
3C,525,a,0.078,1/m,ok,0.078,,solonenko2015,
3C,525,b,1.15,1/m,ok,1.15,,solonenko2015,
3C,550,Kd0,0.211,1/m,ok,0.211,,solonenko2015,
3C,550,Kd,0.187,1/m,ok,0.187,,solonenko2015,
3C,550,KdH,0.172,1/m,ok,0.172,,solonenko2015,
3C,550,a,0.082,1/m,ok,0.082,,solonenko2015,
3C,550,b,1.06,1/m,ok,1.06,,solonenko2015,
3C,575,Kd0,0.248,1/m,ok,0.248,,solonenko2015,
3C,575,Kd,0.201,1/m,ok,0.201,,solonenko2015,
3C,575,KdH,0.184,1/m,ok,0.184,,solonenko2015,
3C,575,a,0.095,1/m,ok,0.095,,solonenko2015,
3C,575,b,0.985,1/m,ok,0.985,,solonenko2015,
3C,600,Kd0,0.342,1/m,ok,0.342,,solonenko2015,
3C,600,Kd,0.38,1/m,ok,0.38,,solonenko2015,
3C,600,KdH,0.358,1/m,ok,0.358,,solonenko2015,
3C,600,a,0.239,1/m,ok,0.239,,solonenko2015,
3C,600,b,0.916,1/m,ok,0.916,,solonenko2015,
3C,625,Kd0,0.431,1/m,ok,0.431,,solonenko2015,
3C,625,Kd,0.456,1/m,ok,0.456,,solonenko2015,
3C,625,KdH,0.43,1/m,ok,0.43,,solonenko2015,
3C,625,a,0.307,1/m,ok,0.307,,solonenko2015,
3C,625,b,0.855,1/m,ok,0.855,,solonenko2015,
3C,650,Kd0,0.478,1/m,ok,0.478,,solonenko2015,
3C,650,Kd,0.498,1/m,ok,0.498,,solonenko2015,
3C,650,KdH,0.469,1/m,ok,0.469,,solonenko2015,
3C,650,a,0.346,1/m,ok,0.346,,solonenko2015,
3C,650,b,0.8,1/m,ok,0.8,,solonenko2015,
3C,675,Kd0,,1/m,missing,,,,論文の値は行複写により誤り。復元不能
3C,675,Kd,,1/m,missing,,,,論文の値は行複写により誤り。復元不能
3C,675,KdH,,1/m,missing,,,,論文の値は行複写により誤り。復元不能
3C,675,a,,1/m,missing,,0.477,,論文の値は行複写により誤り。復元不能。W&H は内挿で穴埋めしている
3C,675,b,0.7542,1/m,reconstructed,,0.745,solonenko2015_eq8,"論文の値は行複写により誤り。同論文の式(8)と表3のBs,Blで復元。S&M自身の小粒子係数1.513を使用 (Haltrin原典の1.151302ではない。README §6)。W&Hの線形外挿値を参考列に併記"
3C,700,Kd0,,1/m,missing,,,,論文の値は行複写により誤り。復元不能
3C,700,Kd,,1/m,missing,,,,論文の値は行複写により誤り。復元不能
3C,700,KdH,,1/m,missing,,,,論文の値は行複写により誤り。復元不能
3C,700,a,,1/m,missing,,0.592,,論文の値は行複写により誤り。復元不能。W&H は内挿で穴埋めしている
3C,700,b,0.709,1/m,reconstructed,,0.69,solonenko2015_eq8,"論文の値は行複写により誤り。同論文の式(8)と表3のBs,Blで復元。S&M自身の小粒子係数1.513を使用 (Haltrin原典の1.151302ではない。README §6)。W&Hの線形外挿値を参考列に併記"
5C,300,Kd0,6.42,1/m,extrapolated,6.42,,solonenko2015,Jerlov のデータを長波長側から外挿した値 (論文で括弧付き)
5C,300,Kd,6.75,1/m,ok,6.75,,solonenko2015,
5C,300,KdH,6.232,1/m,ok,6.232,,solonenko2015,
5C,300,a,5.36,1/m,ok,5.36,,solonenko2015,
5C,300,b,3.73,1/m,ok,3.73,,solonenko2015,
5C,310,Kd0,5.33,1/m,extrapolated,5.33,,solonenko2015,Jerlov のデータを長波長側から外挿した値 (論文で括弧付き)
5C,310,Kd,5.53,1/m,ok,5.53,,solonenko2015,
5C,310,KdH,5.176,1/m,ok,5.176,,solonenko2015,
5C,310,a,4.34,1/m,ok,4.34,,solonenko2015,
5C,310,b,3.53,1/m,ok,3.53,,solonenko2015,
5C,350,Kd0,2.43,1/m,ok,2.43,,solonenko2015,
5C,350,Kd,2.42,1/m,ok,2.42,,solonenko2015,
5C,350,KdH,2.32,1/m,ok,2.32,,solonenko2015,
5C,350,a,1.78,1/m,ok,1.78,,solonenko2015,
5C,350,b,2.87,1/m,ok,2.87,,solonenko2015,
5C,375,Kd0,1.56,1/m,ok,1.56,,solonenko2015,
5C,375,Kd,1.52,1/m,ok,1.52,,solonenko2015,
5C,375,KdH,1.466,1/m,ok,1.466,,solonenko2015,
5C,375,a,1.05,1/m,ok,1.05,,solonenko2015,
5C,375,b,2.55,1/m,ok,2.55,,solonenko2015,
5C,400,Kd0,1.02,1/m,ok,1.02,,solonenko2015,
5C,400,Kd,1.02,1/m,ok,1.02,,solonenko2015,
5C,400,KdH,0.989,1/m,ok,0.989,,solonenko2015,
5C,400,a,0.66,1/m,ok,0.66,,solonenko2015,
5C,400,b,2.28,1/m,ok,2.28,,solonenko2015,
5C,425,Kd0,0.693,1/m,ok,0.693,,solonenko2015,
5C,425,Kd,0.729,1/m,ok,0.729,,solonenko2015,
5C,425,KdH,0.703,1/m,ok,0.703,,solonenko2015,
5C,425,a,0.437,1/m,ok,0.437,,solonenko2015,
5C,425,b,2.06,1/m,ok,2.06,,solonenko2015,
5C,450,Kd0,0.511,1/m,ok,0.511,,solonenko2015,
5C,450,Kd,0.535,1/m,ok,0.535,,solonenko2015,
5C,450,KdH,0.514,1/m,ok,0.514,,solonenko2015,
5C,450,a,0.297,1/m,ok,0.297,,solonenko2015,
5C,450,b,1.87,1/m,ok,1.87,,solonenko2015,
5C,475,Kd0,0.4,1/m,ok,0.4,,solonenko2015,
5C,475,Kd,0.401,1/m,ok,0.401,,solonenko2015,
5C,475,KdH,0.382,1/m,ok,0.382,,solonenko2015,
5C,475,a,0.204,1/m,ok,0.204,,solonenko2015,
5C,475,b,1.71,1/m,ok,1.71,,solonenko2015,
5C,500,Kd0,0.342,1/m,ok,0.342,,solonenko2015,
5C,500,Kd,0.319,1/m,ok,0.319,,solonenko2015,
5C,500,KdH,0.301,1/m,ok,0.301,,solonenko2015,
5C,500,a,0.151,1/m,ok,0.151,,solonenko2015,
5C,500,b,1.56,1/m,ok,1.56,,solonenko2015,
5C,525,Kd0,0.315,1/m,ok,0.315,,solonenko2015,
5C,525,Kd,0.277,1/m,ok,0.277,,solonenko2015,
5C,525,KdH,0.26,1/m,ok,0.26,,solonenko2015,
5C,525,a,0.127,1/m,ok,0.127,,solonenko2015,
5C,525,b,1.44,1/m,ok,1.44,,solonenko2015,
5C,550,Kd0,0.329,1/m,ok,0.329,,solonenko2015,
5C,550,Kd,0.255,1/m,ok,0.255,,solonenko2015,
5C,550,KdH,0.238,1/m,ok,0.238,,solonenko2015,
5C,550,a,0.117,1/m,ok,0.117,,solonenko2015,
5C,550,b,1.33,1/m,ok,1.33,,solonenko2015,
5C,575,Kd0,0.357,1/m,ok,0.357,,solonenko2015,
5C,575,Kd,0.252,1/m,ok,0.252,,solonenko2015,
5C,575,KdH,0.234,1/m,ok,0.234,,solonenko2015,
5C,575,a,0.119,1/m,ok,0.119,,solonenko2015,
5C,575,b,1.23,1/m,ok,1.23,,solonenko2015,
5C,600,Kd0,,1/m,missing,,,,論文の値は行複写により誤り。復元不能
5C,600,Kd,,1/m,missing,,,,論文の値は行複写により誤り。復元不能
5C,600,KdH,,1/m,missing,,,,論文の値は行複写により誤り。復元不能
5C,600,a,,1/m,missing,,0.259,,論文の値は行複写により誤り。復元不能。W&H は内挿で穴埋めしている
5C,600,b,1.1468,1/m,reconstructed,,1.147,solonenko2015_eq8,"論文の値は行複写により誤り。同論文の式(8)と表3のBs,Blで復元。S&M自身の小粒子係数1.513を使用 (Haltrin原典の1.151302ではない。README §6)。W&Hの線形外挿値を参考列に併記"
5C,625,Kd0,,1/m,missing,,,,論文の値は行複写により誤り。復元不能
5C,625,Kd,,1/m,missing,,,,論文の値は行複写により誤り。復元不能
5C,625,KdH,,1/m,missing,,,,論文の値は行複写により誤り。復元不能
5C,625,a,,1/m,missing,,0.327,,論文の値は行複写により誤り。復元不能。W&H は内挿で穴埋めしている
5C,625,b,1.0702,1/m,reconstructed,,1.07,solonenko2015_eq8,"論文の値は行複写により誤り。同論文の式(8)と表3のBs,Blで復元。S&M自身の小粒子係数1.513を使用 (Haltrin原典の1.151302ではない。README §6)。W&Hの線形外挿値を参考列に併記"
5C,650,Kd0,,1/m,missing,,,,論文の値は行複写により誤り。復元不能
5C,650,Kd,,1/m,missing,,,,論文の値は行複写により誤り。復元不能
5C,650,KdH,,1/m,missing,,,,論文の値は行複写により誤り。復元不能
5C,650,a,,1/m,missing,,0.367,,論文の値は行複写により誤り。復元不能。W&H は内挿で穴埋めしている
5C,650,b,1.0014,1/m,reconstructed,,1.002,solonenko2015_eq8,"論文の値は行複写により誤り。同論文の式(8)と表3のBs,Blで復元。S&M自身の小粒子係数1.513を使用 (Haltrin原典の1.151302ではない。README §6)。W&Hの線形外挿値を参考列に併記"
5C,675,Kd0,,1/m,missing,,,,論文の値は行複写により誤り。復元不能
5C,675,Kd,,1/m,missing,,,,論文の値は行複写により誤り。復元不能
5C,675,KdH,,1/m,missing,,,,論文の値は行複写により誤り。復元不能
5C,675,a,,1/m,missing,,0.499,,論文の値は行複写により誤り。復元不能。W&H は内挿で穴埋めしている
5C,675,b,0.9395,1/m,reconstructed,,0.94,solonenko2015_eq8,"論文の値は行複写により誤り。同論文の式(8)と表3のBs,Blで復元。S&M自身の小粒子係数1.513を使用 (Haltrin原典の1.151302ではない。README §6)。W&Hの線形外挿値を参考列に併記"
5C,700,Kd0,,1/m,missing,,,,論文の値は行複写により誤り。復元不能
5C,700,Kd,,1/m,missing,,,,論文の値は行複写により誤り。復元不能
5C,700,KdH,,1/m,missing,,,,論文の値は行複写により誤り。復元不能
5C,700,a,,1/m,missing,,0.598,,論文の値は行複写により誤り。復元不能。W&H は内挿で穴埋めしている
5C,700,b,0.8834,1/m,reconstructed,,0.883,solonenko2015_eq8,"論文の値は行複写により誤り。同論文の式(8)と表3のBs,Blで復元。S&M自身の小粒子係数1.513を使用 (Haltrin原典の1.151302ではない。README §6)。W&Hの線形外挿値を参考列に併記"
7C,300,Kd0,6.92,1/m,extrapolated,6.92,,solonenko2015,Jerlov のデータを長波長側から外挿した値 (論文で括弧付き)
7C,300,Kd,6.67,1/m,ok,6.67,,solonenko2015,
7C,300,KdH,6.303,1/m,ok,6.303,,solonenko2015,
7C,300,a,5.11,1/m,ok,5.11,,solonenko2015,
7C,300,b,6.56,1/m,ok,6.56,,solonenko2015,
7C,310,Kd0,5.91,1/m,extrapolated,5.91,,solonenko2015,Jerlov のデータを長波長側から外挿した値 (論文で括弧付き)
7C,310,Kd,5.8,1/m,ok,5.8,,solonenko2015,
7C,310,KdH,5.471,1/m,ok,5.471,,solonenko2015,
7C,310,a,4.4,1/m,ok,4.4,,solonenko2015,
7C,310,b,6.2,1/m,ok,6.2,,solonenko2015,
7C,350,Kd0,3.0,1/m,ok,3.0,,solonenko2015,
7C,350,Kd,3.05,1/m,ok,3.05,,solonenko2015,
7C,350,KdH,2.874,1/m,ok,2.874,,solonenko2015,
7C,350,a,2.17,1/m,ok,2.17,,solonenko2015,
7C,350,b,5.04,1/m,ok,5.04,,solonenko2015,
7C,375,Kd0,2.12,1/m,ok,2.12,,solonenko2015,
7C,375,Kd,2.13,1/m,ok,2.13,,solonenko2015,
7C,375,KdH,1.994,1/m,ok,1.994,,solonenko2015,
7C,375,a,1.45,1/m,ok,1.45,,solonenko2015,
7C,375,b,4.49,1/m,ok,4.49,,solonenko2015,
7C,400,Kd0,1.51,1/m,ok,1.51,,solonenko2015,
7C,400,Kd,1.59,1/m,ok,1.59,,solonenko2015,
7C,400,KdH,1.453,1/m,ok,1.453,,solonenko2015,
7C,400,a,1.03,1/m,ok,1.03,,solonenko2015,
7C,400,b,4.02,1/m,ok,4.02,,solonenko2015,
7C,425,Kd0,1.14,1/m,ok,1.14,,solonenko2015,
7C,425,Kd,1.21,1/m,ok,1.21,,solonenko2015,
7C,425,KdH,1.08,1/m,ok,1.08,,solonenko2015,
7C,425,a,0.753,1/m,ok,0.753,,solonenko2015,
7C,425,b,3.63,1/m,ok,3.63,,solonenko2015,
7C,450,Kd0,0.868,1/m,ok,0.868,,solonenko2015,
7C,450,Kd,0.924,1/m,ok,0.924,,solonenko2015,
7C,450,KdH,0.812,1/m,ok,0.812,,solonenko2015,
7C,450,a,0.542,1/m,ok,0.542,,solonenko2015,
7C,450,b,3.3,1/m,ok,3.3,,solonenko2015,
7C,475,Kd0,0.693,1/m,ok,0.693,,solonenko2015,
7C,475,Kd,0.71,1/m,ok,0.71,,solonenko2015,
7C,475,KdH,0.614,1/m,ok,0.614,,solonenko2015,
7C,475,a,0.388,1/m,ok,0.388,,solonenko2015,
7C,475,b,3.01,1/m,ok,3.01,,solonenko2015,
7C,500,Kd0,0.58,1/m,ok,0.58,,solonenko2015,
7C,500,Kd,0.56,1/m,ok,0.56,,solonenko2015,
7C,500,KdH,0.481,1/m,ok,0.481,,solonenko2015,
7C,500,a,0.29,1/m,ok,0.29,,solonenko2015,
7C,500,b,2.76,1/m,ok,2.76,,solonenko2015,
7C,525,Kd0,0.494,1/m,ok,0.494,,solonenko2015,
7C,525,Kd,0.47,1/m,ok,0.47,,solonenko2015,
7C,525,KdH,0.399,1/m,ok,0.399,,solonenko2015,
7C,525,a,0.233,1/m,ok,0.233,,solonenko2015,
7C,525,b,2.54,1/m,ok,2.54,,solonenko2015,
7C,550,Kd0,0.462,1/m,ok,0.462,,solonenko2015,
7C,550,Kd,0.409,1/m,ok,0.409,,solonenko2015,
7C,550,KdH,0.347,1/m,ok,0.347,,solonenko2015,
7C,550,a,0.195,1/m,ok,0.195,,solonenko2015,
7C,550,b,2.35,1/m,ok,2.35,,solonenko2015,
7C,575,Kd0,0.462,1/m,ok,0.462,,solonenko2015,
7C,575,Kd,0.371,1/m,ok,0.371,,solonenko2015,
7C,575,KdH,0.32,1/m,ok,0.32,,solonenko2015,
7C,575,a,0.175,1/m,ok,0.175,,solonenko2015,
7C,575,b,2.18,1/m,ok,2.18,,solonenko2015,
7C,600,Kd0,0.478,1/m,ok,0.478,,solonenko2015,
7C,600,Kd,0.527,1/m,ok,0.527,,solonenko2015,
7C,600,KdH,0.481,1/m,ok,0.481,,solonenko2015,
7C,600,a,0.301,1/m,ok,0.301,,solonenko2015,
7C,600,b,2.03,1/m,ok,2.03,,solonenko2015,
7C,625,Kd0,0.545,1/m,ok,0.545,,solonenko2015,
7C,625,Kd,0.6,1/m,ok,0.6,,solonenko2015,
7C,625,KdH,0.551,1/m,ok,0.551,,solonenko2015,
7C,625,a,0.367,1/m,ok,0.367,,solonenko2015,
7C,625,b,1.89,1/m,ok,1.89,,solonenko2015,
7C,650,Kd0,0.635,1/m,ok,0.635,,solonenko2015,
7C,650,Kd,0.635,1/m,ok,0.635,,solonenko2015,
7C,650,KdH,0.588,1/m,ok,0.588,,solonenko2015,
7C,650,a,0.403,1/m,ok,0.403,,solonenko2015,
7C,650,b,1.77,1/m,ok,1.77,,solonenko2015,
7C,675,Kd0,0.777,1/m,ok,0.777,,solonenko2015,
7C,675,Kd,0.815,1/m,ok,0.815,,solonenko2015,
7C,675,KdH,0.744,1/m,ok,0.744,,solonenko2015,
7C,675,a,0.559,1/m,ok,0.559,,solonenko2015,
7C,675,b,1.66,1/m,ok,1.66,,solonenko2015,
7C,700,Kd0,0.916,1/m,ok,0.916,,solonenko2015,
7C,700,Kd,0.874,1/m,ok,0.874,,solonenko2015,
7C,700,KdH,0.85,1/m,ok,0.85,,solonenko2015,
7C,700,a,0.621,1/m,ok,0.621,,solonenko2015,
7C,700,b,1.56,1/m,ok,1.56,,solonenko2015,
9C,300,Kd0,8.11,1/m,extrapolated,8.11,,solonenko2015,Jerlov のデータを長波長側から外挿した値 (論文で括弧付き)
9C,300,Kd,7.44,1/m,ok,7.44,,solonenko2015,
9C,300,KdH,7.066,1/m,ok,7.066,,solonenko2015,
9C,300,a,5.466,1/m,ok,5.466,,solonenko2015,
9C,300,b,8.76,1/m,ok,8.76,,solonenko2015,
9C,310,Kd0,7.01,1/m,extrapolated,7.01,,solonenko2015,Jerlov のデータを長波長側から外挿した値 (論文で括弧付き)
9C,310,Kd,6.72,1/m,ok,6.72,,solonenko2015,
9C,310,KdH,6.416,1/m,ok,6.416,,solonenko2015,
9C,310,a,4.9,1/m,ok,4.9,,solonenko2015,
9C,310,b,8.28,1/m,ok,8.28,,solonenko2015,
9C,350,Kd0,4.3,1/m,ok,4.3,,solonenko2015,
9C,350,Kd,4.11,1/m,ok,4.11,,solonenko2015,
9C,350,KdH,3.958,1/m,ok,3.958,,solonenko2015,
9C,350,a,2.856,1/m,ok,2.856,,solonenko2015,
9C,350,b,6.73,1/m,ok,6.73,,solonenko2015,
9C,375,Kd0,3.06,1/m,ok,3.06,,solonenko2015,
9C,375,Kd,3.13,1/m,ok,3.13,,solonenko2015,
9C,375,KdH,3.021,1/m,ok,3.021,,solonenko2015,
9C,375,a,2.103,1/m,ok,2.103,,solonenko2015,
9C,375,b,5.99,1/m,ok,5.99,,solonenko2015,
9C,400,Kd0,2.41,1/m,ok,2.41,,solonenko2015,
9C,400,Kd,2.48,1/m,ok,2.48,,solonenko2015,
9C,400,KdH,2.391,1/m,ok,2.391,,solonenko2015,
9C,400,a,1.613,1/m,ok,1.613,,solonenko2015,
9C,400,b,5.36,1/m,ok,5.36,,solonenko2015,
9C,425,Kd0,1.9,1/m,ok,1.9,,solonenko2015,
9C,425,Kd,1.97,1/m,ok,1.97,,solonenko2015,
9C,425,KdH,1.907,1/m,ok,1.907,,solonenko2015,
9C,425,a,1.242,1/m,ok,1.242,,solonenko2015,
9C,425,b,4.84,1/m,ok,4.84,,solonenko2015,
9C,450,Kd0,1.56,1/m,ok,1.56,,solonenko2015,
9C,450,Kd,1.56,1/m,ok,1.56,,solonenko2015,
9C,450,KdH,1.51,1/m,ok,1.51,,solonenko2015,
9C,450,a,0.943,1/m,ok,0.943,,solonenko2015,
9C,450,b,4.39,1/m,ok,4.39,,solonenko2015,
9C,475,Kd0,1.24,1/m,ok,1.24,,solonenko2015,
9C,475,Kd,1.24,1/m,ok,1.24,,solonenko2015,
9C,475,KdH,1.192,1/m,ok,1.192,,solonenko2015,
9C,475,a,0.709,1/m,ok,0.709,,solonenko2015,
9C,475,b,4.01,1/m,ok,4.01,,solonenko2015,
9C,500,Kd0,1.0,1/m,ok,1.0,,solonenko2015,
9C,500,Kd,1.0,1/m,ok,1.0,,solonenko2015,
9C,500,KdH,0.958,1/m,ok,0.958,,solonenko2015,
9C,500,a,0.543,1/m,ok,0.543,,solonenko2015,
9C,500,b,3.67,1/m,ok,3.67,,solonenko2015,
9C,525,Kd0,0.777,1/m,ok,0.777,,solonenko2015,
9C,525,Kd,0.826,1/m,ok,0.826,,solonenko2015,
9C,525,KdH,0.792,1/m,ok,0.792,,solonenko2015,
9C,525,a,0.43,1/m,ok,0.43,,solonenko2015,
9C,525,b,3.38,1/m,ok,3.38,,solonenko2015,
9C,550,Kd0,0.635,1/m,ok,0.635,,solonenko2015,
9C,550,Kd,0.696,1/m,ok,0.696,,solonenko2015,
9C,550,KdH,0.667,1/m,ok,0.667,,solonenko2015,
9C,550,a,0.348,1/m,ok,0.348,,solonenko2015,
9C,550,b,3.12,1/m,ok,3.12,,solonenko2015,
9C,575,Kd0,0.58,1/m,ok,0.58,,solonenko2015,
9C,575,Kd,0.603,1/m,ok,0.603,,solonenko2015,
9C,575,KdH,0.576,1/m,ok,0.576,,solonenko2015,
9C,575,a,0.291,1/m,ok,0.291,,solonenko2015,
9C,575,b,2.89,1/m,ok,2.89,,solonenko2015,
9C,600,Kd0,0.598,1/m,ok,0.598,,solonenko2015,
9C,600,Kd,0.72,1/m,ok,0.72,,solonenko2015,
9C,600,KdH,0.691,1/m,ok,0.691,,solonenko2015,
9C,600,a,0.39,1/m,ok,0.39,,solonenko2015,
9C,600,b,2.69,1/m,ok,2.69,,solonenko2015,
9C,625,Kd0,0.654,1/m,ok,0.654,,solonenko2015,
9C,625,Kd,0.763,1/m,ok,0.763,,solonenko2015,
9C,625,KdH,0.735,1/m,ok,0.735,,solonenko2015,
9C,625,a,0.436,1/m,ok,0.436,,solonenko2015,
9C,625,b,2.51,1/m,ok,2.51,,solonenko2015,
9C,650,Kd0,0.755,1/m,ok,0.755,,solonenko2015,
9C,650,Kd,0.775,1/m,ok,0.775,,solonenko2015,
9C,650,KdH,0.747,1/m,ok,0.747,,solonenko2015,
9C,650,a,0.456,1/m,ok,0.456,,solonenko2015,
9C,650,b,2.35,1/m,ok,2.35,,solonenko2015,
9C,675,Kd0,0.916,1/m,ok,0.916,,solonenko2015,
9C,675,Kd,0.945,1/m,ok,0.945,,solonenko2015,
9C,675,KdH,0.911,1/m,ok,0.911,,solonenko2015,
9C,675,a,0.604,1/m,ok,0.604,,solonenko2015,
9C,675,b,2.2,1/m,ok,2.2,,solonenko2015,
9C,700,Kd0,1.11,1/m,ok,1.11,,solonenko2015,
9C,700,Kd,0.99,1/m,ok,0.99,,solonenko2015,
9C,700,KdH,0.953,1/m,ok,0.953,,solonenko2015,
9C,700,a,0.651,1/m,ok,0.651,,solonenko2015,
9C,700,b,2.07,1/m,ok,2.07,,solonenko2015,
