table,water_type,depth_top_m,depth_bottom_m,percent_top,percent_bottom,value,unit,status,note
2,I,19,19,30,30,19,m,ok,
2,I,49,49,10,10,49,m,ok,
2,I,79,79,3,3,79,m,ok,
2,I,103,103,1,1,103,m,ok,
2n,I,,,30,30,0.39,z/z(10),ok,
2n,I,,,3,3,1.65,z/z(10),suspect,"does not follow from the depths in Table 2, even allowing for rounding (DATA.md section 22)"
2n,I,,,1,1,2.15,z/z(10),suspect,"does not follow from the depths in Table 2, even allowing for rounding (DATA.md section 22)"
3,I,0,0,,,100,percent,ok,
3,I,2,2,,,79,percent,ok,
3,I,5,5,,,64,percent,ok,
3,I,10,10,,,46,percent,ok,
3,I,15,15,,,35.5,percent,ok,
3,I,20,20,,,29,percent,ok,
3,I,30,30,,,20,percent,ok,
3,I,40,40,,,13.7,percent,ok,
3,I,50,50,,,9.5,percent,ok,
3,I,60,60,,,6.5,percent,ok,
3,I,70,70,,,4.3,percent,ok,
3,I,80,80,,,2.9,percent,ok,
3,I,90,90,,,1.85,percent,ok,
3,I,100,100,,,1.14,percent,ok,
4,I,0,19,100,30,0.063,1/m,ok,
4,I,19,49,30,10,0.037,1/m,ok,
4,I,49,79,10,3,0.04,1/m,ok,
4,I,79,103,3,1,0.046,1/m,ok,
5,I,0,2,,,0.118,1/m,ok,
5,I,2,5,,,0.073,1/m,ok,
5,I,5,10,,,0.065,1/m,ok,
5,I,10,15,,,0.052,1/m,ok,
5,I,15,20,,,0.04,1/m,ok,
5,I,20,30,,,0.039,1/m,ok,
5,I,30,40,,,0.039,1/m,ok,
5,I,40,50,,,0.037,1/m,ok,
5,I,50,60,,,0.038,1/m,ok,
5,I,60,70,,,0.04,1/m,ok,
5,I,70,80,,,0.04,1/m,ok,
5,I,80,90,,,0.045,1/m,ok,
5,I,90,100,,,0.048,1/m,ok,
2,IA,16.5,16.5,30,30,16.5,m,ok,
2,IA,41,41,10,10,41,m,ok,
2,IA,66,66,3,3,66,m,ok,
2,IA,87,87,1,1,87,m,ok,
2n,IA,,,30,30,0.4,z/z(10),ok,
2n,IA,,,3,3,1.66,z/z(10),suspect,"does not follow from the depths in Table 2, even allowing for rounding (DATA.md section 22)"
2n,IA,,,1,1,2.12,z/z(10),ok,
3,IA,0,0,,,100,percent,ok,
3,IA,2,2,,,77,percent,ok,
3,IA,5,5,,,59,percent,ok,
3,IA,10,10,,,42,percent,ok,
3,IA,15,15,,,32,percent,ok,
3,IA,20,20,,,25.5,percent,ok,
3,IA,30,30,,,16.4,percent,ok,
3,IA,40,40,,,10.3,percent,ok,
3,IA,50,50,,,6.6,percent,ok,
3,IA,60,60,,,4.1,percent,ok,
3,IA,70,70,,,2.5,percent,ok,
3,IA,80,80,,,1.47,percent,ok,
4,IA,0,16.5,100,30,0.073,1/m,ok,
4,IA,16.5,41,30,10,0.043,1/m,suspect,"does not follow from the depths in Table 2, even allowing for rounding (DATA.md section 22)"
4,IA,41,66,10,3,0.048,1/m,ok,
4,IA,66,87,3,1,0.052,1/m,ok,
5,IA,0,2,,,0.13,1/m,ok,
5,IA,2,5,,,0.089,1/m,ok,
5,IA,5,10,,,0.068,1/m,ok,
5,IA,10,15,,,0.054,1/m,ok,
5,IA,15,20,,,0.042,1/m,ok,
5,IA,20,30,,,0.046,1/m,suspect,"does not follow from the percentages in Table 3, even allowing for rounding (DATA.md section 22)"
5,IA,30,40,,,0.046,1/m,ok,
5,IA,40,50,,,0.045,1/m,ok,
5,IA,50,60,,,0.048,1/m,ok,
5,IA,60,70,,,0.049,1/m,ok,
5,IA,70,80,,,0.053,1/m,ok,
2,IB,14,14,30,30,14,m,ok,
2,IB,33,33,10,10,33,m,ok,
2,IB,54,54,3,3,54,m,ok,
2,IB,70,70,1,1,70,m,ok,
2n,IB,,,30,30,0.42,z/z(10),ok,
2n,IB,,,3,3,1.63,z/z(10),ok,
2n,IB,,,1,1,2.12,z/z(10),ok,
3,IB,0,0,,,100,percent,ok,
3,IB,2,2,,,75,percent,ok,
3,IB,5,5,,,54,percent,ok,
3,IB,10,10,,,38,percent,ok,
3,IB,15,15,,,28,percent,ok,
3,IB,20,20,,,21,percent,ok,
3,IB,30,30,,,12.0,percent,ok,
3,IB,40,40,,,6.7,percent,ok,
3,IB,50,50,,,3.8,percent,ok,
3,IB,60,60,,,2.0,percent,ok,
3,IB,70,70,,,1.01,percent,ok,
4,IB,0,14,100,30,0.086,1/m,ok,
4,IB,14,33,30,10,0.053,1/m,suspect,"does not follow from the depths in Table 2, even allowing for rounding (DATA.md section 22)"
4,IB,33,54,10,3,0.057,1/m,ok,
4,IB,54,70,3,1,0.068,1/m,ok,
5,IB,0,2,,,0.144,1/m,ok,
5,IB,2,5,,,0.107,1/m,ok,
5,IB,5,10,,,0.071,1/m,ok,
5,IB,10,15,,,0.061,1/m,ok,
5,IB,15,20,,,0.056,1/m,ok,
5,IB,20,30,,,0.057,1/m,ok,
5,IB,30,40,,,0.058,1/m,ok,
5,IB,40,50,,,0.059,1/m,ok,
5,IB,50,60,,,0.064,1/m,ok,
5,IB,60,70,,,0.069,1/m,ok,
2,II,10.5,10.5,30,30,10.5,m,ok,
2,II,24,24,10,10,24,m,ok,
2,II,39,39,3,3,39,m,ok,
2,II,52,52,1,1,52,m,ok,
2n,II,,,30,30,0.44,z/z(10),ok,
2n,II,,,3,3,1.63,z/z(10),ok,
2n,II,,,1,1,2.17,z/z(10),ok,
3,II,0,0,,,100,percent,ok,
3,II,2,2,,,70,percent,ok,
3,II,5,5,,,48,percent,ok,
3,II,10,10,,,32,percent,ok,
3,II,15,15,,,21,percent,ok,
3,II,20,20,,,14.2,percent,ok,
3,II,30,30,,,6.4,percent,ok,
3,II,40,40,,,2.8,percent,ok,
3,II,50,50,,,1.23,percent,ok,
4,II,0,10.5,100,30,0.114,1/m,ok,
4,II,10.5,24,30,10,0.082,1/m,ok,
4,II,24,39,10,3,0.08,1/m,ok,
4,II,39,52,3,1,0.084,1/m,ok,
5,II,0,2,,,0.178,1/m,ok,
5,II,2,5,,,0.126,1/m,ok,
5,II,5,10,,,0.099,1/m,suspect,"does not follow from the percentages in Table 3, even allowing for rounding (DATA.md section 22)"
5,II,10,15,,,0.084,1/m,ok,
5,II,15,20,,,0.078,1/m,ok,
5,II,20,30,,,0.08,1/m,ok,
5,II,30,40,,,0.082,1/m,ok,
5,II,40,50,,,0.082,1/m,ok,
2,III,6.5,6.5,30,30,6.5,m,ok,
2,III,14,14,10,10,14,m,ok,
2,III,23,23,3,3,23,m,ok,
2,III,31,31,1,1,31,m,ok,
2n,III,,,30,30,0.46,z/z(10),ok,
2n,III,,,3,3,1.64,z/z(10),ok,
2n,III,,,1,1,2.21,z/z(10),ok,
3,III,0,0,,,100,percent,ok,
3,III,2,2,,,63,percent,ok,
3,III,5,5,,,38,percent,ok,
3,III,10,10,,,17.5,percent,ok,
3,III,15,15,,,8.5,percent,ok,
3,III,20,20,,,4.6,percent,ok,
3,III,30,30,,,1.22,percent,ok,
4,III,0,6.5,100,30,0.185,1/m,ok,
4,III,6.5,14,30,10,0.146,1/m,ok,
4,III,14,23,10,3,0.134,1/m,ok,
4,III,23,31,3,1,0.137,1/m,ok,
5,III,0,2,,,0.23,1/m,ok,
5,III,2,5,,,0.169,1/m,ok,
5,III,5,10,,,0.155,1/m,ok,
5,III,10,15,,,0.144,1/m,ok,
5,III,15,20,,,0.123,1/m,ok,
5,III,20,30,,,0.134,1/m,ok,
2,1C,5.3,5.3,30,30,5.3,m,ok,printed as coastal type '1'; written 1C here as elsewhere in this package
2,1C,12,12,10,10,12,m,ok,printed as coastal type '1'; written 1C here as elsewhere in this package
2,1C,20,20,3,3,20,m,ok,printed as coastal type '1'; written 1C here as elsewhere in this package
2,1C,27,27,1,1,27,m,ok,printed as coastal type '1'; written 1C here as elsewhere in this package
2n,1C,,,30,30,0.44,z/z(10),ok,printed as coastal type '1'; written 1C here as elsewhere in this package
2n,1C,,,3,3,1.67,z/z(10),ok,printed as coastal type '1'; written 1C here as elsewhere in this package
2n,1C,,,1,1,2.25,z/z(10),ok,printed as coastal type '1'; written 1C here as elsewhere in this package
3,1C,0,0,,,100,percent,ok,printed as coastal type '1'; written 1C here as elsewhere in this package
3,1C,2,2,,,54,percent,ok,printed as coastal type '1'; written 1C here as elsewhere in this package
3,1C,5,5,,,30,percent,ok,printed as coastal type '1'; written 1C here as elsewhere in this package
3,1C,10,10,,,13.3,percent,ok,printed as coastal type '1'; written 1C here as elsewhere in this package
3,1C,15,15,,,6.0,percent,ok,printed as coastal type '1'; written 1C here as elsewhere in this package
3,1C,20,20,,,3.0,percent,ok,printed as coastal type '1'; written 1C here as elsewhere in this package
3,1C,30,30,,,0.65,percent,ok,printed as coastal type '1'; written 1C here as elsewhere in this package
4,1C,0,5.3,100,30,0.227,1/m,ok,printed as coastal type '1'; written 1C here as elsewhere in this package
4,1C,5.3,12,30,10,0.164,1/m,ok,printed as coastal type '1'; written 1C here as elsewhere in this package
4,1C,12,20,10,3,0.15,1/m,ok,printed as coastal type '1'; written 1C here as elsewhere in this package
4,1C,20,27,3,1,0.157,1/m,ok,printed as coastal type '1'; written 1C here as elsewhere in this package
5,1C,0,2,,,0.31,1/m,ok,printed as coastal type '1'; written 1C here as elsewhere in this package
5,1C,2,5,,,0.196,1/m,ok,printed as coastal type '1'; written 1C here as elsewhere in this package
5,1C,5,10,,,0.163,1/m,ok,printed as coastal type '1'; written 1C here as elsewhere in this package
5,1C,10,15,,,0.154,1/m,suspect,"does not follow from the percentages in Table 3, even allowing for rounding (DATA.md section 22)"
5,1C,15,20,,,0.14,1/m,ok,printed as coastal type '1'; written 1C here as elsewhere in this package
5,1C,20,30,,,0.153,1/m,ok,printed as coastal type '1'; written 1C here as elsewhere in this package
2,3C,3.7,3.7,30,30,3.7,m,ok,printed as coastal type '3'; written 3C here as elsewhere in this package
2,3C,8.5,8.5,10,10,8.5,m,ok,printed as coastal type '3'; written 3C here as elsewhere in this package
2,3C,14,14,3,3,14,m,ok,printed as coastal type '3'; written 3C here as elsewhere in this package
2,3C,19,19,1,1,19,m,ok,printed as coastal type '3'; written 3C here as elsewhere in this package
2n,3C,,,30,30,0.44,z/z(10),ok,printed as coastal type '3'; written 3C here as elsewhere in this package
2n,3C,,,3,3,1.65,z/z(10),ok,printed as coastal type '3'; written 3C here as elsewhere in this package
2n,3C,,,1,1,2.23,z/z(10),ok,printed as coastal type '3'; written 3C here as elsewhere in this package
3,3C,0,0,,,100,percent,ok,printed as coastal type '3'; written 3C here as elsewhere in this package
3,3C,2,2,,,44,percent,ok,printed as coastal type '3'; written 3C here as elsewhere in this package
3,3C,5,5,,,21,percent,ok,printed as coastal type '3'; written 3C here as elsewhere in this package
3,3C,10,10,,,7.0,percent,ok,printed as coastal type '3'; written 3C here as elsewhere in this package
3,3C,15,15,,,2.3,percent,ok,printed as coastal type '3'; written 3C here as elsewhere in this package
3,3C,20,20,,,0.73,percent,ok,printed as coastal type '3'; written 3C here as elsewhere in this package
4,3C,0,3.7,100,30,0.325,1/m,ok,printed as coastal type '3'; written 3C here as elsewhere in this package
4,3C,3.7,8.5,30,10,0.229,1/m,ok,printed as coastal type '3'; written 3C here as elsewhere in this package
4,3C,8.5,14,10,3,0.218,1/m,ok,printed as coastal type '3'; written 3C here as elsewhere in this package
4,3C,14,19,3,1,0.22,1/m,ok,printed as coastal type '3'; written 3C here as elsewhere in this package
5,3C,0,2,,,0.41,1/m,ok,printed as coastal type '3'; written 3C here as elsewhere in this package
5,3C,2,5,,,0.25,1/m,ok,printed as coastal type '3'; written 3C here as elsewhere in this package
5,3C,5,10,,,0.22,1/m,ok,printed as coastal type '3'; written 3C here as elsewhere in this package
5,3C,10,15,,,0.22,1/m,ok,printed as coastal type '3'; written 3C here as elsewhere in this package
5,3C,15,20,,,0.23,1/m,ok,printed as coastal type '3'; written 3C here as elsewhere in this package
